proposicao,id_camara,id_senado,row,id_leggo
MPV 823/2018,NA,132477,59,a8908ad9cc15129ed904f92c2d9fbaa9
MPV 557/2011,533510,NA,235,f3b57a750e76ca13eaae51d851cd0919
PLS 190/2011,NA,100000,296,a23d8312b429d26d1b894448fb68f25f
MPV 806/2017,2159703,NA,429,cda14a03bbd711445cb86ac5bba88e79
PL 3739/2020,NA,143358,491,944e0e73c3ae824166cf06978080224f
MPV 603/2013,564535,NA,522,7fe31d2ff51299888b8056226076f030
MPV 954/2020,NA,141619,658,d3ae95d9615a72b8fa7fd35f3d844fa9
MPV 525/2011,491942,NA,702,888bb1d493e68e1999611e6c03ff72bc
MPV 923/2020,NA,140850,756,afeb255a89a74bd63735970524a0f5d3
MPV 737/2016,2090936,NA,763,ecb33b1f1cc84d8afa0cc612c59ca520
MPV 801/2017,2152544,NA,771,f1341e75c388ee285f96ec8fde0fdbbf
MPV 969/2020,2253046,NA,868,17c1567f86fa3533a3196340d2099e46
MPV 892/2019,2213325,NA,926,d4bac837d52ca1a3b70abf39a44fbdcf
MPV 888/2019,2212588,NA,933,0103d29ee946cd4c30df43aa1c599050
MPV 749/2016,NA,127138,934,cbd3027dfb3650edf6469b66d878efce
MPV 940/2020,NA,141399,961,301612c51cf911b582f42eabd673367a
MPV 948/2020,2246357,NA,1051,58b6f4f81e940525e1ab54f37609a88b
MPV 994/2020,2259711,NA,1082,55f0eb2f143ea402087b32469d982534
MPV 646/2014,NA,117859,1092,6656f82a5aaa7b329e0a185c495e49df
MPV 858/2018,2187275,NA,1174,1b7925f167063be29afe933b5aaf4c22
MPV 665/2014,865930,NA,1234,b3cf659ccdcdfd367c1759396d2d2685
MPV 804/2017,2153526,NA,1270,ebb5a92e627bcb1ad9292e0d7467e4f4
MPV 528/2011,496290,NA,1275,a7c5df159c02517bb6d0a0b9c8f921e5
MPV 767/2017,2122129,NA,1339,23f9e042085f1486b773d3bd8bbfc279
MPV 777/2017,NA,129030,1365,057b8f99b8d0ec2aa848dea811788163
MPV 938/2020,NA,141397,1468,76d718583493c7a15971eb29bcc8e71e
MPV 542/2011,515391,NA,1476,b48feafe7183dd6af84acadee4a5a7a4
MPV 903/2019,2229043,NA,1488,efa6aaf35ffcb53d0ac60432acdc1141
MPV 770/2017,2127233,NA,1502,e411f3d95ad823e329c842bd0d6e598a
MPV 973/2020,NA,142153,1540,780d7c313c7ab80f321e4a93361d25b8
MPV 673/2015,1197985,NA,1552,24366637c9abd8c50f75c6251fef31a7
MPV 527/2011,495378,NA,1599,cf2f46cb3faf4c3f1908f012138abe7e
MPV 824/2018,2170400,NA,1627,1e887d907c590dce3cef9abed0dce95f
MPV 908/2019,2231391,NA,1634,6a5e79407352b622cf4b57b0b1caba04
MPV 930/2020,2242290,NA,1666,606d559a39c5d007eaa07d4ddba99a63
MPV 901/2019,NA,139448,1710,1364ce407cce6a532467adeabe282b46
MPV 1028/2021,2269911,NA,1839,c509b3363b752430955a5382a193406a
MPV 913/2019,NA,140367,1842,f17ca11089240a1f7f1f04855b7b9144
MPV 931/2020,NA,141309,1954,8affa1f1d938a65ac4f05d1b9a78048b
MPV 915/2019,2236213,NA,1985,7184fbf4bc1eadafc4926dedba8957af
MPV 769/2017,2124184,NA,2063,91f9d7515873b7d061d07b51c607833c
MPV 1003/2020,2263410,NA,2088,4e9810c3a5719e54e8a14ba7bccafc97
MPV 821/2018,2168386,NA,2140,4a4d3d2af8efee81705f13cda1427bd4
MPV 772/2017,NA,128551,2256,b01b9e392399c9905529078980289b5b
MPV 925/2020,NA,141111,2270,ee4614fef77d4f22f1497902873b86fa
MPV 906/2019,NA,139882,2377,7f7e5773a2dfceebb5839c6557c97ff8
MPV 562/2012,538015,NA,2489,f16e5740ecf4ccbdad35e39e174b0fb8
MPV 705/2015,NA,124590,2540,1c0c64f8d48a86dc433a1e0ed3f9d305
MPV 805/2017,NA,131384,2617,bcb4c77dfcf8558ecd12101638f9d0f7
MPV 939/2020,2242771,NA,2665,34ca666a6da1209459888d6d971b917d
MPV 905/2019,NA,139757,2687,31ffe699dd7316a10a2ad1d8fd55648a
MPV 645/2014,NA,117311,2740,370b0f75e156f28c2e00274989c9da1f
MPV 856/2018,NA,134582,2788,ac1a115367d3fea2aa40616c8c00d287
MPV 752/2016,2118464,NA,2813,5ae1112ed112c126ac04e579aadc5195
MPV 630/2013,605324,NA,2835,d0b03e32dd0b00af12679371c61d39df
MPV 882/2019,NA,136549,2862,4aced44e8d6107d9bcef82f74d17473c
MPV 760/2016,2122079,NA,3008,a341b1f400d16ec08ac2acfa051dd6ee
MPV 972/2020,2253846,NA,3074,962d572bfc5a5bdcdf0b4a9c33d3175a
MPV 840/2018,2177888,NA,3102,d772ae7d38d540db18bbc84ab72494b1
PL 2589/2020,NA,141917,3224,ec6da290520343452215253f3c389163
MPV 561/2012,536641,NA,3253,6bc6bbc06954701c2d5190b0f0cd71b9
MPV 845/2018,2182065,NA,3301,86a8b0a420448dbdb1144f5a22c3439c
MPV 779/2017,NA,129243,3337,bc751eb7338ffb09cc5237537efb237d
MPV 635/2013,605333,NA,3381,8cf2f29d8ddb8f0ed16fc57f1a9ee718
MPV 1005/2020,NA,145003,3384,97f9aadc756db3588fcafa8f8b933ce1
MPV 791/2017,2145822,NA,3475,7ec8acff863428057252f63b04e9ef6f
MPV 1021/2020,NA,146145,3514,e0cafd82cb05980e288de5f7c727c685
MPV 985/2020,2256340,NA,3520,33d089f095da47ebec5d1049c74ba132
MPV 814/2017,2167551,NA,3573,0bbf134a89dcc48381604953fbce1800
MPV 544/2011,522364,NA,3574,21049711f9c0029c0f9cdf038ffb6b7f
MPV 683/2015,1570936,NA,3647,749b8331c4ef661e7790781cf761860f
MPV 1012/2020,2265828,NA,3673,51004cc4414018ad15f840f55ed5fa86
MPV 583/2012,556884,NA,3716,132d7ee4342f39b9a28b675a3715afc3
PL 1321/2019,2193540,136131,3893,52aca7a68cd66f7ffa34ce59b48af165
MPV 578/2012,554212,NA,3978,c556844f89ecb80d3f9fff4daca33e58
MPV 875/2019,NA,135616,4001,698ca29c83728726e39142ac5b81883c
MPV 782/2017,2139967,NA,4010,d59d7548f446a4d78463be3592d49f47
MPV 914/2019,NA,140379,4203,5ae6461ac3e5482b356b19119dc28abf
MPV 815/2017,2167554,NA,4227,9d8cf5d4a8221d49fe16c5ce6327e6b7
MPV 1029/2021,2270100,NA,4357,59bb6937d612599a2e08ccb962e50fda
MPV 632/2013,605327,NA,4370,256b596a52a6352b2174582080f8605b
MPV 955/2020,2250246,NA,4403,49498c37ba99b356f31ae3305e29118a
MPV 758/2016,2121849,NA,4613,31b900831311ec04d9c34c9ff597047e
MPV 916/2019,2236219,NA,4660,687e844ae338019777700c695070b59c
MPV 659/2014,744140,NA,4727,caea2656ff51dbc198388f42bc2e065c
MPV 780/2017,NA,129244,4742,e8fe47574f6f8084bb73a8347dd90aa9
MPV 840/2018,NA,133541,4777,f8b90ec98cf3f3e6f63c38046fd323ec
MPV 524/2011,490854,NA,4808,98142bbee85a0261a88e214c85cb7ae0
MPV 761/2016,2122080,NA,4846,ee41d3b65da7efb70ea0d9a39c00de62
MPV 1031/2021,NA,146740,4942,955001fb0759e091e8920a144eb0ce1d
MPV 775/2017,2128869,NA,4952,344942f22ed0683db6217330e50ef04e
MPV 998/2020,2261939,NA,5021,3e5eb14b033d01e2a24d22dc2fd188c6
MPV 924/2020,2239115,NA,5037,810239b37eee813886c797ace4e5ec78
MPV 893/2019,NA,138177,5062,3126584c6fbb2ff3b9c5e6898e514950
MPV 762/2016,2122081,NA,5108,a1e30bf28ac11b2b8383cd634a0edbed
MPV 862/2018,2188360,NA,5376,3eba24ee488f0c9292d2eb72e39ffd96
MPV 704/2015,2076227,NA,5511,f448bed40e74dd0fadf250f2d07bcc75
MPV 889/2019,2212949,NA,5519,a6969dfee64ce2f7beb5756e7fa24cfe
MPV 850/2018,NA,134245,5528,9aa6a03c18c9ce80162e57b0ad8fe877
MPV 978/2020,2254698,NA,5578,994681a96f8508e747185ff8e615eeec
MPV 750/2016,2115971,NA,5581,ac9d56544ce718eb0b922157d7621437
MPV 966/2020,2252610,NA,5600,af722777d4b32cd2df71132475917f19
MPV 956/2020,NA,141699,5605,cd64880c91d831bc4222ea706ba76e17
MPV 759/2016,2122078,NA,5609,79355abdecc9869f966cfae61448f558
MPV 533/2011,501560,NA,5627,9ba3baba3747ddd264771af87a5e3dea
MPV 768/2017,NA,127931,5693,904d27a12b7e4ee47aefb246de7c9f86
MPV 1031/2021,2270789,NA,5739,48c8999e530b7a0b6e809390c8a2c570
MPV 854/2018,NA,134267,5749,4e77fa176b4b7b23da18cd562f42cdde
MPV 918/2020,2236223,NA,5756,00063e8863690cfffa2704f129c81b7f
MPV 766/2017,NA,127896,5817,2568d5cb05caa200e6841249944d99c5
MPV 710/2016,NA,124601,5950,fbf7e67ef7786fee8a48c7f086832ec2
MPV 1006/2020,2263719,NA,5956,99adf46de52bde1d9aafb88368a49bb3
MPV 662/2014,818122,NA,6019,4a4d658498b5f687e7d9167c925b8b65
MPV 676/2015,1504953,NA,6127,9558177ac4aaf89d3cf7dd89fccea9be
MPV 649/2014,NA,118080,6129,c271f329a342d6a4446f5d4b1a38d9ad
PL 10984/2018,2186620,132143,6217,4bdc7be0e36a96291666ed15c9bc6235
MPV 633/2013,605330,NA,6318,271c34b8a5f69d1c5854995c73a3da6a
MPV 836/2018,2177274,NA,6359,eca849912a31633921edcc8b1bf6cd12
MPV 870/2019,2190288,NA,6377,d50e8932ddec17cd8046bc8a5aabbf2d
MPV 694/2015,1806249,NA,6439,d43e92794ee2cd03435e6eaaf6706fd0
MPV 978/2020,NA,142361,6474,372d0b47c8ba0ba4478b7f35a2fbf38b
MPV 622/2013,584455,NA,6526,28fa2f2d67cbc4f2f8b6ae4b9d33ec7c
MPV 754/2016,NA,127861,6560,00b172e4368729e2158b265f538745d1
MPV 674/2015,NA,121312,6590,c318b41a2cbdd6db1c07ee4c9d9a6c48
MPV 1015/2020,NA,146062,6710,ba89c2bc9bec42a6db18268f9d4d42d7
MPV 811/2017,NA,132056,6773,de1c09e50fa297270f423ddfa9124ec2
PLS 21/2018,NA,132142,6859,a9c3d8093ffd389b3b6587b5847176e5
MPV 741/2016,2092263,NA,6861,303c9c1480edd1a87284a546e5773de4
MPV 813/2017,2167544,NA,6928,eaafd109f58a382f23ac4eae0e4739b6
MPV 1019/2020,NA,146141,6946,e6061258ea31c3b99c9c2f73a320fb42
MPV 987/2020,2256542,NA,6959,6bfc1454e18a32353367f35391a71cc0
MPV 831/2018,NA,133415,6989,4449ecec483395f0d9d3c153a7646043
MPV 779/2017,2138678,NA,7026,da7b79217a144ccb35a148dc44804e52
MPV 1001/2020,2262906,NA,7038,90d644de787107f50ddc51abab775274
MPV 788/2017,2145808,NA,7041,3b8894bb421fa1e2d9f523876fa86565
MPV 657/2014,623330,NA,7051,588ac945e962f2be67aa9787f8954718
MPV 892/2019,NA,137872,7054,bd913c2d1e6118b1bb8359aecc6c5cfa
MPV 646/2014,616955,NA,7091,8dc750bce645b00825b74ef6d8f44a9e
MPV 877/2019,NA,135919,7100,7e5c96c204bdf94975e9cac908fc963d
MPV 903/2019,NA,139736,7141,d8503341ba671a76011c08c33881c991
MPV 792/2017,NA,130151,7168,2aba18c2e404b0e7cfa002c906c7a055
MPV 1008/2020,2264701,NA,7170,263ab4b6255677af90f1a324ebbb3afd
MPV 685/2015,1594437,NA,7196,ad7e894f17d8fa830cda25eb60fedb74
MPV 555/2011,533507,NA,7244,066a58b48d813a766ddede5e0986c6d9
MPV 802/2017,2153038,NA,7324,11f689fadcdded91770b51a6bca2b07b
MPV 884/2019,NA,137319,7332,fb699f45a5f4f6a12eb40530d9495bf3
MPV 819/2018,NA,132097,7343,783e78e0d6fd46f66660a27f4028052d
MPV 927/2020,NA,141145,7428,b34710b990aea5dab9b8ab83d398b95d
MPV 860/2018,2188033,NA,7484,193e36528268ecb71b1279072a95e1ce
MPV 951/2020,NA,141565,7572,2f2ea3747e466338efff375e13a28e4b
MPV 957/2020,2250601,NA,7574,ff94207e9b5f6038cbb1c350d9d5a13c
MPV 588/2012,559467,NA,7710,f0c14db59a7ffd265ae3a2d1dc999641
MPV 975/2020,2254253,NA,7764,fd58ffa5e165fc38e2b5aef9f2863b84
MPV 949/2020,NA,141502,7774,8d9962de219a24f4e0694c88a2c18987
MPV 689/2015,1700882,NA,7878,8caf83de82683aeb1e506528818e9a16
MPV 936/2020,2242618,NA,7886,eaf86014151247271ca4358f24612fa4
MPV 755/2016,2121837,NA,7962,cf6314f2b58e1c57b1b76f417023efd8
MPV 616/2013,579019,NA,7973,1a74370bfbfb5015705a7f40820ba1ed
MPV 720/2016,NA,125341,8026,b712a19138121fb39574e917aee3b47f
MPV 774/2017,2127972,NA,8073,7d6070230b0ddcfa2e57fdf23ac56383
MPV 990/2020,2257451,NA,8236,482f14c451f1efbdef572d173f157819
MPV 1005/2020,2263649,NA,8274,28cfa1631d1577af2639fd012776c55f
MPV 927/2020,2241662,NA,8348,d86e16d1ef3d6a2f838b749b38d56fe4
MPV 638/2014,605355,NA,8392,01b721c4cdddc1bc8f03c6325e092769
MPV 910/2019,NA,140116,8401,3d268e1f9199915b0c954b77092f6914
MPV 910/2019,2233488,NA,8404,4b1a6832c7cb0f2d3d0aa8f3471f185e
MPV 918/2020,NA,140394,8417,3ef3e6ff691cf01733c1b18d81563e98
MPV 904/2019,2229306,NA,8422,a5434423905265f0e83d698304fc8f5a
MPV 1014/2020,2266115,NA,8426,8895883b1874515ef032b303d9603477
MPV 642/2014,NA,116973,8432,8bd65a4a07662654fc3cd05eeed8edee
MPV 808/2017,2162296,NA,8521,4a69bef06e9088de001f35c9e9d002cf
MPV 1016/2020,NA,146074,8570,2bbc9398c4ec980184446f405063ddb6
MPV 806/2017,NA,131385,8673,193009c40b13b9c3ce3dcc2c20727fc1
MPV 845/2018,NA,133993,8707,5d32d4a9394d589327976aa9209577a2
MPV 1003/2020,NA,144943,8723,d20bea6a3ecff6553778df0ae8c54b62
MPV 857/2018,2186920,NA,8743,dba741fa02dcbc26bc31d3501d15e14b
MPV 773/2017,NA,128552,9107,a3508bd4ef3decb66b2d3f21e4d9cc00
MPV 931/2020,2242292,NA,9301,ac0cf34b2096439e0c6846a387d52392
MPV 740/2016,2092130,NA,9303,c80d4f45f4a0f03925f1c07c8af56c96
MPV 541/2011,513514,NA,9332,99e7cf566fd18ad7735f3b453a8bd85a
MPV 961/2020,NA,141863,9361,698fcf6f9103eebd7000eb445ad50077
MPV 956/2020,2250590,NA,9396,7e18b596fdd46a1a11ab3f327c63fac2
MPV 661/2014,808898,NA,9398,fa2af9ad735f322cb4865e8ab56f4c6d
MPV 716/2016,2079440,NA,9514,2e953e4a365682a78732691a5b592fc0
MPV 650/2014,NA,118134,9524,dc473c1de6dc423cc46954d88ae7d8a7
MPV 928/2020,2241789,NA,9569,fb95ec33269d7e924aea38ef5cb65815
MPV 981/2020,2255128,NA,9661,1ac50f2098648d6fde9c527e1f542c5b
MPV 976/2020,2254694,NA,9673,9454ed5d3bc5d26de45e6d95431e0d3b
MPV 1004/2020,2263411,NA,9777,be525a0b7f0ced77434f1e98e8b71e08
MPV 992/2020,2257923,NA,9844,d3a4201f9b7f0ff704bd5be4271f804a
MPV 900/2019,2225928,NA,9874,0d6a29ef2db124a70a8bddd34601c8dc
MPV 929/2020,NA,141209,9967,98d7772452316363828e311660f68a74
MPV 939/2020,NA,141398,10029,2341df9824f9103dacd555395a1e5aeb
MPV 567/2012,543448,NA,10154,34f1c3d5319fccf72c110ffeda069202
PL 3477/2019,NA,137270,10193,9d857df6658f55824a1f66c7c1bef619
MPV 539/2011,513172,NA,10314,9ce45f3a1f85d6c6123d8b97f3f565c0
MPV 1006/2020,NA,145025,10333,00aff3882987f47d17b41e90c26a5765
MPV 797/2017,NA,130540,10479,e6b92864aa8d81f312ad7a5f1eeffe41
MPV 750/2016,NA,127377,10518,0a83d1a591fd372a131f20a235a6cd28
MPV 963/2020,2251976,NA,10537,38ec877f01c960b75dc44869b5d94ace
MPV 808/2017,NA,131611,10538,c5e6184226e43017f557beb06bb6dc17
MPV 692/2015,1738686,NA,10605,b765e51213056ad0f5349881163da531
MPV 989/2020,NA,143319,10699,f43a3b2a6b2c99c76b71dcb9a725d490
MPV 793/2017,NA,130155,10725,87f2394c80293f9a340e8fb9b8d89af4
MPV 550/2011,527728,NA,10875,0695f4bd3955444d4b525f1dae9bcad1
MPV 793/2017,2145957,NA,10880,92958d41d869d2324885cb4a9e14b67e
MPV 686/2015,1594485,NA,10928,c375978c63421a3a05d31633505e3d5d
MPV 952/2020,2249331,NA,10988,a0089da3798e0512531677776cc8ab4d
MPV 972/2020,NA,142131,10997,a275932976a20d3114662087cccbc381
MPV 607/2013,565097,NA,11015,ff1ce054b3be2df3c3f3ba315c88f99a
MPV 581/2012,556331,NA,11019,0d10f235c0bec51c33b5c023829c74bf
MPV 640/2014,609198,NA,11064,3a5c8aef934e61f961cdb1b791f42c46
MPV 641/2014,NA,116595,11079,b99db41d8086a5e43e54b4fa73a91886
MPV 997/2020,2261249,NA,11120,9c46fb0f37486f4af42d7c594ad6067b
MPV 1010/2020,NA,145590,11156,730701b6bd38b427954c8025eda3896e
MPV 891/2019,2213323,NA,11195,b4fdbb0d6c12e399ac85a7a85bb8ef44
MPV 668/2015,944494,NA,11278,3b170362418583569e0a7fff6f48b4b0
MPV 701/2015,2058404,NA,11303,c01e8f9c9bb7be07f066a232d1870426
MPV 788/2017,NA,130144,11330,d9e0ab9bb75666ac8e0aeaac6eef3686
MPV 922/2020,NA,140840,11349,0195bcea8a1d51c473fee32175d53784
MPV 720/2016,2080682,NA,11446,e66821dbe64016619677a70626dc70ec
MPV 957/2020,NA,141700,11459,96a860ffd6a2a6cc48cf1a3653f61772
MPV 948/2020,NA,141495,11504,c80896be21006bec38701ee75bb403be
MPV 896/2019,NA,138579,11532,cabf8fb86f48d4eb4e2321ee19d42566
MPV 934/2020,NA,141349,11533,17f8b32fa7505523330e175360e85915
MPV 1034/2021,NA,147064,11613,f4ac79f48059c44d6ab768bcab084fac
MPV 829/2018,2173911,NA,11681,c42b2bd714ad5105c51f64e0446d9432
MPV 716/2016,NA,125133,11747,72bd136c39f2f34d8fba795c032f6d41
MPV 1012/2020,NA,145627,11919,ed2d70bef82bb4cc3485dd89f74e5f74
MPV 675/2015,1280621,NA,11989,5de2b62836e23f1fee9cc481a224c18c
MPV 597/2012,564453,NA,11998,fde19c2bb3cb1d4e5b8015e455c6ddef
MPV 704/2015,NA,124589,12008,8692463901ed93b785267daee667f828
MPV 1002/2020,NA,144917,12106,f14f2c6a76fa72d57116d4816be9f085
MPV 983/2020,2255363,NA,12170,f37a878fc59e88304f86d5e20e12d324
MPV 697/2015,2017324,NA,12236,14b30fe7610689451ce3d87896db19b9
MPV 936/2020,NA,141375,12244,f1e49c5e61206fc7c8eff06d0f8a758e
MPV 654/2014,NA,118447,12274,d81766c9ee691650fe1255298c25a0bb
MPV 980/2020,NA,142490,12278,e9ceec00ddfaa09c9ac976408d692626
MPV 848/2018,NA,134134,12301,088538fdac553a350ea86254a2a981c0
MPV 771/2017,2127797,NA,12308,91de585cf85a090b97b156a73ddf8e68
MPV 945/2020,2242888,NA,12365,c6191e222f66973e54dbb705c374dcb8
MPV 794/2017,2147143,NA,12376,6d0c66245db3acca67956ff9d246b00c
MPV 766/2017,2122128,NA,12446,a9446e83d31cca669b11c1d8691342cf
MPV 933/2020,2242401,NA,12580,706007124b831de9a794fc4bf59832c3
MPV 699/2015,2053656,NA,12593,28f41912264514d8ade25c27065e7187
MPV 551/2011,528165,NA,12700,0530c84330170cf3a076fdbefcf50a4f
MPV 915/2019,NA,140385,12744,4f9195c4847ee80b984d541855189381
MPV 920/2020,2236262,NA,12823,2bba5406fd4c9e78de66f3c596932b47
MPV 671/2015,NA,120203,12826,d93147634f907dff7e39af5a467c0dbe
MPV 620/2013,580951,NA,12885,0fe888d6c75cbb7691e22c30716051ee
MPV 844/2018,NA,133867,12927,df1fbc3a163905bfcf71db8f2e6409a3
MPV 897/2019,2222884,NA,13011,8c1718bda436c7f5d067123b5aa82474
MPV 932/2020,2242400,NA,13024,250198aa270e5cdd7c6eeae0d27abe50
MPV 639/2014,609196,NA,13031,0bd531b7bee4b6b65a1c04a38ffb5be4
MPV 830/2018,NA,133333,13228,5fb34f29fbb7cc6b854b6d7a48f6e2fc
MPV 775/2017,NA,128702,13238,e14dcae10525c27e8c0c706ca2430ab4
MPV 855/2018,NA,134581,13279,19ae9b6680db2f59d62c0311f83a9692
MPV 882/2019,2200044,NA,13284,cf91f0d62ca0c55cee97886f539727da
MPV 852/2018,2183943,NA,13325,38c90f189cf51774f4724eb2b72d8fc7
MPV 895/2019,NA,138578,13327,b0b692b9ac78d40bfaa2585f60e666aa
MPV 677/2015,1514525,NA,13504,5e16a52ab622234ba4ba655e93b0c44f
MPV 798/2017,NA,130590,13533,015ab14456f4a81552c06b924635d127
MPV 655/2014,NA,118476,13566,e4794d79de483ce5f663b1dc48b55c1b
PLS 20/2018,NA,132141,13656,3236dd1ed539bb87d3d586b02a400f41
MPV 723/2016,2082828,NA,13665,96e22ca8424ea8592b1f31eaf0a7f4f6
MPV 722/2016,2082802,NA,13678,37b214d8e03de59717e49f00eb6b8445
MPV 641/2014,609200,NA,13704,43a87d2b17b939c923b9b609613b0e4e
MPV 659/2014,NA,118854,13876,7e10f2312231c95a2d389c07ed37a61c
MPV 593/2012,562466,NA,13878,f673abbfdfb8293e2dc8eeb6ea30e44e
MPV 807/2017,NA,131404,13895,77d266b211459289821a01af7030781e
MPV 853/2018,NA,134257,13907,0c4220d460c967d2102eea42868bf922
MPV 736/2016,2089827,NA,13923,fe63045e1b65a279fa42054482290591
MPV 799/2017,NA,130676,14022,aad34176ee440a9bd09b94fcdbb78254
MPV 844/2018,2181294,NA,14101,4c6c9a86261c4bf04d4a7c657bc95309
MPV 1009/2020,NA,145428,14108,faea9d77b14e0eabd6ccb6c53c4636f9
MPV 637/2013,605340,NA,14240,26d7d589593009c77be54c36520caaff
MPV 949/2020,2246358,NA,14438,4648a4c09acdff25d7ac7bf750cc5525
MPV 1002/2020,2263381,NA,14759,e0fe7caf6294ad5a6dd6c3a7df733d4c
MPV 835/2018,NA,133460,14832,35a2cfecd4e31ee2178393b8b49e9617
MPV 800/2017,2151922,NA,14849,e44c5551f4f83d292983d0ca0b7e8364
MPV 689/2015,NA,122929,14855,019bb9928c6f0f6f4757794cad64943d
MPV 611/2013,570608,NA,14861,8c32c69752e6dfb54dc2947c92765c4e
MPV 878/2019,NA,135994,14988,03abe3d152d105fb10b035a542008e0e
MPV 522/2011,490727,NA,15000,ff7eaa093d3763b08a7a2979e08a419d
MPV 648/2014,618090,NA,15015,b7c3ff469490e230b4bd7e76c423555e
MPV 768/2017,2122684,NA,15042,ac632d2492bafea9547c25436fb66e4b
MPV 891/2019,NA,137871,15047,8456f2b38b750f1ff16173c8bb4757e8
MPV 647/2014,617512,NA,15251,dd1a50a6dbe28a00a1ab13c5b2160600
MPV 1016/2020,2267685,NA,15361,514a8d7d56cef78703617e28b70d7776
MPV 935/2020,2242617,NA,15453,f023c8556c3ead5dee7955c80c4ea8ae
MPV 823/2018,2169096,NA,15683,d82ec6a5dacd635ff81fad422afca91f
MPV 777/2017,2132524,NA,15695,f01087b053fb3591b2bda4203afa01dc
MPV 730/2016,2087410,NA,15719,f4d23df55eccbf6f3542c364f3538eb1
MPV 1021/2020,2268414,NA,15766,e06bce83b0088e22ca82039c8c6298b2
MPV 834/2018,2177152,NA,15784,99dcc512b3d9b1a266aa591c4bd4e1ec
MPV 988/2020,NA,143157,15899,9fd05d47b6940177386238da029638ed
MPV 642/2014,612875,NA,15942,aafab67120b51b7ef0d3fa7582af1b30
MPV 859/2018,2187337,NA,15975,b0a94b0d6cff3028d751809ae06307be
MPV 698/2015,2024766,NA,16005,db4b16868ee393ebf8b37911379ad2c5
MPV 944/2020,NA,141415,16053,27bd296b91236eb6119f572112e4fb11
MPV 610/2013,570604,NA,16069,7f33ad7420bb84d2e5f85f2b72879e16
MPV 1009/2020,2265215,NA,16080,6a43569c70b8c2cd4664e79991f53526
PLS 11/2018,NA,132132,16128,e12f75fa08fba4416b78f981d04b8f2a
MPV 853/2018,2183957,NA,16159,44cb0492f62319e870f03d80aa803c7e
MPV 996/2020,2260971,NA,16162,1b61c20e3f5e8068b8e32562432fb475
MPV 733/2016,2088157,NA,16187,68f72147c182e3447fdb903ee3bda3f5
MPV 997/2020,NA,144430,16226,5a2c9fce8a89b090e4f082c82b30d1e8
MPV 987/2020,NA,143156,16247,14dc2c7d143d4d2d623c7b0187cdfcb2
MPV 647/2014,NA,117939,16565,a0bbd9038eeb8d3108bd17bf12d5c112
MPV 764/2016,2122108,NA,16584,76c1a6739906f0e6f3e707b16768cb44
MPV 636/2013,605334,NA,16588,67b075f2541002615a34b36d686c9bf9
MPV 1011/2020,2265604,NA,16623,f9c7a78975369b4345fd03cee9776a63
MPV 880/2019,2199762,NA,16711,b103270f6e36a893024deceb4706a4d5
MPV 901/2019,2225989,NA,16771,1b6ba37277baee9cec89c49889d945ba
MPV 902/2019,2228675,NA,16828,44bd89799f715081622da3a21ddc92f5
MPV 667/2015,NA,119555,16836,52376908c6534a9ca466ca6131ee54f9
MPV 865/2018,NA,135030,16844,87de5266bc60358d74b7506efdc19b5a
MPV 572/2012,547198,NA,16884,f633b05c3c474e010af5651028259297
MPV 982/2020,NA,142499,17001,68e5d328461d2a1a1489bb6a5a95f778
MPV 671/2015,1050558,NA,17002,e523fa6af1ef2a3f699b13c9da9e714f
MPV 843/2018,2181260,NA,17038,0d6f04ee1d3a267b594d8df81feaba32
MPV 609/2013,566891,NA,17046,9c40026f5df5539a5aba7c584cd95a83
MPV 941/2020,2242774,NA,17071,578bafeca92ab22b05946b8afe6372c5
MPV 718/2016,2079961,NA,17114,8d61ed58f75532ba0915a4a7b9e4475c
MPV 803/2017,2153525,NA,17133,d747299ae839023db01e6002167ec60a
MPV 1033/2021,2270902,NA,17263,845f1e87b19a0ee2eba26f8a94a0621d
MPV 965/2020,NA,141948,17293,c9b05fa18a1a8cd065daa3a0d0aa6fee
MPV 873/2019,NA,135531,17328,398345af3e44311b19117cc024716a82
MPV 545/2011,522365,NA,17356,e20c0dfbd456af9da35c7506f1ca4f5c
MPV 751/2016,2116870,NA,17375,e7f5206b61bf28c3eee8a5b0ed926437
MPV 787/2017,NA,130143,17414,4b8bc9162b6bed3ee781106f274d9001
MPV 781/2017,2138918,NA,17449,43d0a39a1df927a551b7bbdbf99b9a87
MPV 1034/2021,2271124,NA,17468,af2f378e1e23ab01467d0054a6be35c7
MPV 784/2017,NA,129569,17473,79fffba4d1fb3d1569a935b29ca91850
MPV 740/2016,NA,126505,17603,5c9e0c102a5ce88083dc2568af9248fa
MPV 1000/2020,2262062,NA,17645,9ae7e613a70c53c1a4ee0349fe5fc96e
MPV 898/2019,2225435,NA,17765,e85c29e54a8b635e27e8fab2f9429917
MPV 952/2020,NA,141573,17826,fc26cf6186c85302e9fc28da19cb3bcd
MPV 993/2020,2258964,NA,17848,6f9822a6606894eb47ef606f40bd8a38
MPV 847/2018,NA,134006,18062,d57b6cca0600fdf8bf466f4853787bb7
MPV 534/2011,503031,NA,18078,4cea917c904e5cf07e37d545a389ad73
MPV 991/2020,NA,143476,18126,734b2c08a6b76b16044b9ee79df1abd0
MPV 934/2020,2242413,NA,18173,d626a9cc4f2dead61993b00a724596bf
MPV 926/2020,2241660,NA,18223,1fa49cbb1ef356c4926d2f18fed01ee1
MPV 672/2015,1150196,NA,18229,4232d65a96493d75b836790ca62d8d4c
MPV 986/2020,NA,143101,18258,380ac1e9ec9c715e2765c70b18be9b92
MPV 614/2013,576947,NA,18326,b4d851a4a6b267eaeed2420511f9e668
MPV 894/2019,NA,138553,18337,7f44772f6d9294a9c4c218b7130014c4
MPV 693/2015,1806248,NA,18382,239dd367918f1b8c3a94b0275bc6cd79
MPV 799/2017,2150329,NA,18482,aa0c0b71a280d4613c5b76c9af460bc0
MPV 764/2016,NA,127887,18483,6201a3e661e46f33ceaf03a2e47e917d
PL 4420/2019,NA,138067,18528,6df0c2521e6ba8bd72effbf9871cd20e
MPV 639/2014,NA,116596,18600,8736c892f19cf87cdb702af83e4b29de
MPV 811/2017,2167507,NA,18620,3f33a9950884455c1b104e2e182a81a5
MPV 543/2011,517372,NA,18651,41a160106532667899c40c2fdac6bbc6
MPV 971/2020,NA,142128,18696,d7bd0bd90b905c2d3dc1dfe684e095b5
MPV 1026/2021,NA,146154,18703,6c2b45a908bce22ba26fb7ac2f63beeb
MPV 850/2018,2183835,NA,18762,0396e6f805d9e8fd9ac6ea7359f6d9a5
MPV 587/2012,559465,NA,18823,c687b4ada38bb01d7157caf28e953f69
MPV 800/2017,NA,130858,18902,f837200e6610835d158dfea2e7d32a68
MPV 655/2014,622015,NA,18912,c367267c19abc47b31518ee98cae8e58
MPV 795/2017,2148437,NA,18984,3102bd40cf7c312d310e0ca7cdb26ee0
MPV 911/2019,NA,140117,19026,221bcedc7a8f6a09136df2c376436409
MPV 981/2020,NA,142497,19047,e167a46a658d9c474cb7f0eb37b69823
MPV 938/2020,2242770,NA,19063,084d22105c00d5bc29ecf63d2bb55fdf
MPV 977/2020,NA,142360,19067,6178cb6fd8f752694bdc9fa8c5c08018
MPV 649/2014,618587,NA,19126,5ca750758161244d074688cbed0bf401
MPV 954/2020,2249953,NA,19244,fd35260e4879d1dd32f6ae05cd887a02
MPV 648/2014,NA,118021,19249,0d1604f3c210d908407d598b4969a74d
MPV 653/2014,621744,NA,19356,c659705aa56cbcb9a86eb1181bd8a602
MPV 548/2011,525649,NA,19435,5605e80e4c0d8e14c3fd914c19bfedf8
MPV 887/2019,NA,137431,19440,d8a54ebddbeb1cb1327bb296ce507b66
MPV 885/2019,2208427,NA,19504,4a6fc01b32490e2180d5a0422f746527
MPV 651/2014,619878,NA,19566,2bd993b0894284b5767610266d867c92
MPV 776/2017,NA,129029,19595,2625db66548a87c392c33eb6b5028a45
MPV 867/2018,2190237,NA,19629,2a95cacefb8ab4e094a2a02d589eb3cc
MPV 784/2017,2141000,NA,19651,7c4192e417252da39ad38b78119b7abd
MPV 540/2011,513512,NA,19766,ad8f8b19902fc9d72abcf22b194110fd
MPV 715/2016,NA,124993,19819,55e42a6b308137261681aac5fbac6068
MPV 796/2017,2149138,NA,19837,d60bd405d7f40762197f97b9584c7852
MPV 1025/2020,2268418,NA,19896,8c4c4752f5a7c8d1c461232ea0c199a7
MPV 706/2015,2076237,NA,20103,a590cc60a869f1f1307e767dd17cb474
MPV 879/2019,NA,136471,20106,412aade864c910d12294262332f13c83
MPV 950/2020,2246359,NA,20256,6ccf8b6c2d76aaf376a18e057aed827d
MPV 979/2020,2254947,NA,20284,e6e33f7a89b9e09529fcba3d356669b5
MPV 880/2019,NA,136530,20321,45b94a58011c6b69d9f9b4946de530a6
MPV 595/2012,562615,NA,20371,cd2c103f4e6ad3c8e7adbfe76684df51
MPV 877/2019,2195215,NA,20409,1ad009f6c5d92d36bf378cbd1281a2d4
MPV 878/2019,2195844,NA,20435,9f11898f2a3e057b860e7163140a2aee
MPV 598/2012,564514,NA,20456,eb98acd302af7ca146d084254fbac43b
MPV 749/2016,2113964,NA,20502,7e080b2cd59293759d1b3dbf25276553
MPV 841/2018,2178475,NA,20532,7b82fe1b98e61555f859a252fca7e5a1
MPV 912/2019,NA,140362,20558,1420036f7493b35b52d35e181ebe207e
MPV 669/2015,NA,119787,20626,726ab2ce57bc498b7a2f8a663285e44c
MPV 615/2013,577468,NA,20807,b9465027f8853d45033f7ecac9bc0f53
MPV 1023/2020,NA,146148,20818,26d0565e377fc28900e34c66983b4f2f
MPV 742/2016,2092382,NA,20971,e6d7637e34a041eeef23815bfbabffe9
MPV 919/2020,NA,140423,21053,f48aecd5ffed093e4facbc020d7e808e
MPV 868/2018,2190282,NA,21099,e4581f35b90280110c25a254d752190a
MPV 851/2018,2183836,NA,21166,a0eaff3cc2ad95557b9c0fa0bdef76ca
MPV 643/2014,613497,NA,21198,7c6042a0f4aba70479b03bc4591fc86f
MPV 810/2017,2165578,NA,21246,eed2572badb7327c8f6f2531f22e2c9d
MPV 743/2016,NA,126538,21291,fe655f3d70c8afef71df2d631540d314
MPV 724/2016,2083616,NA,21309,08f9e7e8a663de06cdbfb5610c1e280a
MPV 998/2020,NA,144445,21313,4498e67d3e49331c27e308047e6c47d8
MPV 570/2012,544463,NA,21322,6a371b1eb3744059c0dc2e8250fba07f
MPV 773/2017,2127804,NA,21355,fe25ab9b53ce4836e63cd405555d68e2
MPV 960/2020,NA,141795,21380,b269d6e01878e73c376e9dee1eb0bcfa
MPV 1027/2021,NA,146201,21403,38177224d0447f4be5a452ed1cabf9b8
MPV 711/2016,NA,124650,21504,63b13811f8ed9fc0d659e5b62814b04a
MPV 697/2015,NA,123584,21526,0beafdb74a0f47bd7313a5254d5b3849
MPV 535/2011,505696,NA,21563,440762b1d86c1700fc7665662df47d38
MPV 589/2012,559706,NA,21620,75ef811ade343a8ddac5b978b3b161b0
MPV 753/2016,NA,127860,21629,aaf046ab40765205129e3ef0d65884aa
MPV 986/2020,2256402,NA,21733,c18d95a4f84b0c2a5fb542e87643d2ce
MPV 538/2011,510976,NA,21842,a43023ba1a98ed1aedfb882709941f19
MPV 842/2018,2180050,NA,21896,9c24ad0f0863c8cb6f92d05ebf2a96e5
MPV 825/2018,NA,132724,21924,6d5dc99cc542cd83b00ac7e95a29f7c4
PLS 12/2018,NA,132133,21994,c0193e3b0e3650fbc6d9555350ef86fe
MPV 1018/2020,2267811,NA,22008,462058752b0564008defe4bec686e8f3
MPV 585/2012,557679,NA,22009,655111eff2293bdf1ff617f54ce6100d
MPV 913/2019,2236185,NA,22018,f53121297d25ee7519254e97ba62df89
MPV 1032/2021,NA,146867,22061,bc660dce3b27c91d8a9174e428ffe2fb
MPV 977/2020,2254695,NA,22161,6a16e9038a7f0ad903239a1fd42ab739
MPV 547/2011,523514,NA,22174,47b8fa29fd5e9f50b8339e0a5260bd55
MPV 971/2020,2253827,NA,22217,ef6b116369530fd2b091e6c0898e05c0
MPV 596/2012,562617,NA,22341,6b5b37ecd8e33d49ee91bc4ef099eaaa
MPV 549/2011,527723,NA,22404,eba50e4ccb5f60492335380c81af8037
MPV 650/2014,619236,NA,22457,459fdfa7b6ac46a27a77f0e58f85bfae
MPV 670/2015,996553,NA,22464,4d70cf5a0d9f9343419aa51224657336
MPV 962/2020,NA,141864,22518,1fb15954d28436b06b04acf2e9d505a5
MPV 914/2019,2236190,NA,22621,f11b4d159b3536849bf3ed1b0358b664
MPV 531/2011,499324,NA,22625,18f6750cc402ba8cd271810a74fe9ca7
MPV 926/2020,NA,141144,22656,49b146f58b7e51f49f6f8918447af0f7
MPV 924/2020,NA,141104,22843,73661fb47bb85c520fe2872c376d8c00
MPV 820/2018,2167937,NA,22914,2f156ed31c97cf77cfefc28a6222923d
MPV 529/2011,497760,NA,22958,ebf555ce593448b58aacc45ca5f3f1c8
MPV 658/2014,644044,NA,23106,e4cc5a0e65e7903eb0ff3b7c7ec68934
MPV 695/2015,1806553,NA,23117,97644437917a1660147a16049de3d40e
MPV 553/2011,533268,NA,23208,534b5ebff6fb1b2403b90efc84a753e4
MPV 1015/2020,2267557,NA,23283,84463cbb9c054a0fccc4f0b5827671cd
MPV 756/2016,2121839,NA,23329,9b8e85284d6726d720498b6397123a62
MPV 947/2020,2246356,NA,23422,c9c36c4c7fe9894a66dc749479d99e4f
MPV 1030/2021,2270642,NA,23468,ce17956ba44e856259f22d7438639708
MPV 710/2016,2076264,NA,23485,c52ff98bd41862ac92c034afc94a5aa7
MPV 757/2016,2121843,NA,23498,7f01638fc65cf20343171a8c9809b421
MPV 626/2013,598188,NA,23560,9d77509caf6688cc2804cd88194b5df9
MPV 763/2016,NA,127883,23662,0bb11a88cfc0be1966061c965b047fa1
MPV 848/2018,2183306,NA,23702,e6e2f357217f046dbc2749506f606d4e
MPV 995/2020,2259744,NA,23732,82c0663fe93bb2f21c04f1237f31f0ec
MPV 652/2014,620901,NA,23742,f9f6f244daf4ed248349401afe454553
MPV 729/2016,2086200,NA,23806,7cde369d3961513bdb34f99a32fe2462
MPV 667/2015,865934,NA,23908,73c967ac7f5c23fa7c68740fd57e6403
MPV 748/2016,2113885,NA,24013,73966f8032caf42390f4477bc3620df3
MPV 663/2014,860923,NA,24059,8c51c842c5a6623c02f92ac5e52e500f
MPV 660/2014,796341,NA,24290,77824fefe49c32d77ae8facca42f8311
MPV 684/2015,1594436,NA,24302,17df84d82a97b4c6a61a6f6877555607
MPV 865/2018,2190179,NA,24375,4a8ad65e3d53782740a4c563aa87ba95
MPV 1023/2020,2268416,NA,24603,65cf1e25f20312478e1444b19112213f
MPV 623/2013,585677,NA,24648,ccac77a34da7f0e1951b9c4c883def7d
MPV 748/2016,NA,127124,24667,1f6eb0e308dbf1b80db68788318457f8
MPV 789/2017,2145819,NA,24668,f3a4e92930cd6167fbe408de330444c4
MPV 678/2015,1515648,NA,24704,46e7a97fe671f6c450e078119176dabd
MPV 617/2013,579021,NA,24721,cfd57d48a0817592fe93cd9b193d61a4
MPV 930/2020,NA,141308,24748,c8b8c4b766ad9ea160847c36bc0a3ab1
MPV 874/2019,2193711,NA,24757,34e61720d7ab274d87f0678f9d80fa55
PLS 14/2018,NA,132135,24775,5d9519ccd7d6b32cdd8d2f829b7b91b7
MPV 679/2015,1515649,NA,24814,73aadbae0da7f90fc2501293b48aa4e4
MPV 726/2016,2084401,NA,24841,b81c684951566fb8ee1f1185da97343a
MPV 874/2019,NA,135615,24843,fd50618bb50831792db524f8e50ff4ff
MPV 907/2019,2230815,NA,24867,e15650fbf33d877730c2df8be0381025
MPV 947/2020,NA,141494,24989,031610e34205a44c0084833dbc6cf9e9
MPV 807/2017,2159935,NA,25036,2dabcf36805c25527dea91698a4e0bc2
MPV 871/2019,2190355,NA,25079,827312b56e85fb3a828577e0748c7fd0
MPV 621/2013,584020,NA,25121,819ec3871e8204f69d3538eaa43287cc
MPV 837/2018,2177276,NA,25162,8e98867c29eec9407360ff65c742c617
MPV 819/2018,2167580,NA,25253,3a45900ce5243361866e849e2bf7e276
MPV 950/2020,NA,141503,25309,e0d0302191575248150e76971efdb0c9
MPV 1028/2021,NA,146445,25342,6a69dc5b4f7b143aa19c03f9d9e5a656
MPV 643/2014,NA,117054,25400,fa9c6494670b2205bebd5d6899effd5b
MPV 681/2015,1570898,NA,25446,593e24c2ca96abcec8c64ddea593cea6
MPV 1001/2020,NA,144685,25506,2305c31ee090c8998f757e60f4a9f2b4
MPV 1004/2020,NA,144944,25525,980a2da5febebb853c6f5adf359c843b
PLS 13/2018,NA,132134,25545,6e139503063a780828cc561dbd455534
MPV 942/2020,2242775,NA,25546,a87dc0d4d76a786180add2443f5fc170
MPV 883/2019,NA,136899,25548,42e71f3c4309cc7e509b409249ca2fba
MPV 830/2018,2175883,NA,25566,aac91ffcb4cfb2c005bfb20a144ee0c3
MPV 1013/2020,2266070,NA,25678,5f0f5298337162c7e5dde61299ad630c
MPV 919/2020,2236261,NA,25802,532a5bd6ebcc2cb021b38dfb0a87c1bb
MPV 995/2020,NA,143917,25854,dd86b63297e590499820bad7982dbae4
MPV 841/2018,NA,133594,25904,749309aa4738204a0cb74b3dbe2a11be
MPV 839/2018,2177278,NA,25946,a98fc9a79eea145a5e841d2eec76359d
MPV 968/2020,NA,142017,26032,62b53b1c9959e883a791b33383b8f438
MPV 895/2019,2219196,NA,26113,1ce486813ed8c0e7c49233b87840abd5
MPV 612/2013,570609,NA,26311,5b342354b888d9ee52cd4b496d90dc08
MPV 571/2012,545925,NA,26347,9cde0893e24cc9e299ecf1939adc8d65
MPV 778/2017,2137734,NA,26418,89443e86e843ed2e902ffea40b9a4afd
MPV 708/2015,2076245,NA,26423,6b22899368eb1807fa1cb65ca0ebad26
MPV 861/2018,2188301,NA,26431,e9ae19187417d9ff6ee39f0d90739147
MPV 805/2017,2159707,NA,26494,e093f60d227e873ce83689eb3ba4e0d7
MPV 747/2016,2112586,NA,26624,9ec5d57513b5fc9ab3db7709c59a173e
MPV 940/2020,2242772,NA,26692,c9a8a4d02e6964d6a83e2ff7ae23a20b
MPV 728/2016,2085841,NA,26711,eb6b640d17976f63ed20700e0ca5dc97
MPV 707/2015,2076244,NA,26746,a68b036fda3f3f69ee439accab2a5d65
MPV 560/2012,536346,NA,26774,f036c4791b430642c8541c960517502c
MPV 725/2016,2084297,NA,26874,1f3455695636fe6d2c92feec2f246912
MPV 1020/2020,2268408,NA,26887,7e3e5a4d5d524f1b8210e7a2141f08b7
MPV 602/2012,564522,NA,26958,d870b637ac8839b4d8c10dd3eace8719
MPV 982/2020,2255135,NA,26961,e1430b5b02edb85a1b96f169ac6b300d
MPV 991/2020,2257808,NA,27009,4f8b4f6f3300af278112ec839280578d
MPV 944/2020,2242887,NA,27248,479fa9d8b14474b4ec2e028cb3744f04
MPV 854/2018,2183984,NA,27282,d1834f1a8f7d1e3c391df0e9fa70becc
MPV 669/2015,949325,NA,27375,380e1a23281bd15b77d935641e404413
MPV 530/2011,499323,NA,27449,798e48a9ec9b2d0cb2f81bb7cfddba7b
MPV 536/2011,510100,NA,27481,801df7ba1320d42063650bc3f7bc1e74
MPV 738/2016,NA,126410,27654,1405f2b756f9d46b5885304dcf8ec4aa
MPV 645/2014,614009,NA,27702,5739d2b46d8d1b980e8ebf9fc6ecb302
MPV 600/2012,564520,NA,27754,fceaabef1ccc29cbbf7e8af6121f0928
MPV 736/2016,NA,126317,27792,4ce1745ec982e290a821958831596c5d
MPV 619/2013,580163,NA,27853,240304e2987d6406402b2adf00ce6fa0
MPV 790/2017,NA,130146,27947,ce292f6ac2bc219ff5dddab338e02a02
MPV 917/2019,2236220,NA,28007,3c58bd0ecec575fcffa96d1b24c977f0
MPV 809/2017,2164234,NA,28025,5d213bb3212f50c80dfa1f0feac1fcca
MPV 798/2017,2149925,NA,28172,fcbb3eaf08c0ad2a43a4157396004f23
MPV 797/2017,2149141,NA,28235,8b44a97c02a4ecb05793dada4fca1613
MPV 590/2012,561791,NA,28249,4f9cfe5814cc13dfc377afd50cb2122a
PL 696/2020,NA,141263,28309,030cdecada3d36c578b7e91603126016
MPV 730/2016,NA,126081,28371,1052daeb1433525f0370b9c483f53104
MPV 780/2017,2138679,NA,28387,2f19dbef23de8cc8b55819f35b1e362b
MPV 809/2017,NA,131788,28486,16c17fb7473778b105c8a8f9fd67c1a2
MPV 772/2017,2127803,NA,28527,a66bacb98740320edaea52f45fe0da9c
MPV 703/2015,NA,124535,28540,d47a8fc93629dc10188e6196c6049d96
MPV 827/2018,2172819,NA,28573,fd714378c0724c1efe50cb9533feea0a
MPV 961/2020,2251926,NA,28591,dc82858410bf4d730b0fb669cc9cd5d1
MPV 884/2019,2208200,NA,28612,38fa928417eaab9bc03d4ad828f00ab5
MPV 906/2019,2229968,NA,28675,abc858436820129efc1217c509b1ea45
MPV 973/2020,2253945,NA,28745,df6dc475660c0ba3e45977d4b4ddd29c
MPV 783/2017,2139981,NA,28771,d243488bc89bd9168e7bb5834f222be4
MPV 579/2012,555727,NA,28815,d79d81c51e84f8499093ac2945fc0f3c
MPV 826/2018,2171969,NA,28819,529fd8c49e42bfa5bf559a9ecd106b08
MPV 727/2016,2084402,NA,28849,38c633bfdb6ed2778c30ab2c2d1e7b13
MPV 712/2016,2076578,NA,28859,5bcf613f69d13c36528e885c77c82c96
MPV 711/2016,2076411,NA,28905,94ab856668360b18770528124654c108
MPV 574/2012,549909,NA,28934,7e84cf69dc7d9b323e6a086dc9d6f222
MPV 832/2018,2176819,NA,28958,52b9a8fa93701d5a2ff6010709f50b73
MPV 899/2019,2225778,NA,28975,8a99024ac09e769d9934ebedd4852bb1
MPV 537/2011,510101,NA,29173,ef2fa1dc3134053d4b52408e3a47f229
MPV 576/2012,553247,NA,29175,1905bd457953411366af435ba4b9bbaa
MPV 814/2017,NA,132068,29196,7b032e161856021c5b40978df200ead5
MPV 976/2020,NA,142359,29249,7ab716e2271110dca04879369c8d1373
MPV 960/2020,2251191,NA,29441,446a72cad917c3f182cc4d337121c74c
MPV 690/2015,1700883,NA,29548,62b71724152fc989ea450176376cca3b
MPV 582/2012,556332,NA,29577,9aa1f0aa9e0b7a1f43213db9d3300abd
MPV 876/2019,2193904,NA,29686,4dfbf5f0ca5819f19635e1eae00e6a38
MPV 904/2019,NA,139756,29694,04cb90541a189bb30a27b1508e9ea0c6
MPV 862/2018,NA,134765,29768,187756e6c950d592562d36922561d4a1
MPV 662/2014,NA,119315,29858,10cdecf048368f8e8a4a6d50e4e789ac
MPV 858/2018,NA,134666,29881,5e20d17cf4e715bd1ff95361495895e6
MPV 885/2019,NA,137323,29889,77acdb5b3bb6b93e0cd3a52813acb929
MPV 817/2018,2167556,NA,29952,997349ce93ca55097cda49ad0be85303
MPV 816/2017,NA,132070,30032,d084349f93148c91c4dc7a8d94c52881
MPV 943/2020,NA,141414,30044,6136baa427e44d6c1a9ef0bab91b8280
MPV 829/2018,NA,133106,30093,0516428ecf0f52c38ba900e1b0b2f1e9
MPV 993/2020,NA,143654,30145,e5975b78413021f69a54d143b9f9e174
MPV 1030/2021,NA,146688,30159,1eb6b089c1c17944e1541e3546beedad
MPV 674/2015,1279650,NA,30175,35753b42ffb8a745431810822649a920
MPV 644/2014,NA,117239,30187,ff3fb79c3ab99f5cfd14cc8a99a36b23
MPV 911/2019,2233489,NA,30222,acb5fa6c75e33dd86c595f95f569cf92
MPV 787/2017,2145807,NA,30224,e13a4407ea38a03052ea427985857860
MPV 731/2016,2087670,NA,30242,0d3951d0558f4db99097fca8de5def00
MPV 849/2018,NA,134158,30307,e06f5c5e80618743ed9272a847cd9f67
MPV 899/2019,NA,139427,30323,fa21d40f2b79099895f4e2b3f78fda1b
MPV 822/2018,2168715,NA,30327,cd801f1e57b172bb4ba8e62e841cc114
MPV 812/2017,2167543,NA,30351,17734e0419b77f6a258f202bd368eb67
MPV 1024/2020,NA,146149,30355,9c55d9f610eed163c1d9490d05011d86
MPV 921/2020,2236866,NA,30393,13eeb70822afb24de9aa752a625ea2a8
MPV 618/2013,579869,NA,30434,4819b6401a602167702ef4276afe8a8f
MPV 785/2017,2144465,NA,30454,d18d08b38f30240fefad8b36df3cdf56
MPV 958/2020,2250602,NA,30516,3bb670115687ac119b6cf08e47f3aa0b
MPV 666/2014,NA,119552,30538,656a229bfb729e7ce0dd2a9f19118c73
MPV 631/2013,605326,NA,30548,21fa9d420dab37e89a117503ceb0890c
MPV 688/2015,1672065,NA,30710,55b63e65dfc196463965686ab84a49e3
MPV 864/2018,2189886,NA,30711,b8e8b4f34a1ed40f18c637dea96fa1e6
MPV 761/2016,NA,127881,30730,4f7e5c0fa447111dc739262f76a275fd
MPV 941/2020,NA,141400,30742,ea68813c8654f4faa9ab1343e1ff51e5
MPV 912/2019,2236083,NA,30769,f5696efc79aa6cefa629b945048e1d56
MPV 627/2013,600363,NA,30799,424c1330940b6b580e214560c67c87dc
MPV 580/2012,555813,NA,30960,96180ce8a88739aab1320ef6ce496242
MPV 969/2020,NA,142020,30996,4301e49fc6234adf9c01b30f39f9b566
MPV 628/2013,602714,NA,31086,34e9dca8d9dee321686cafa677ac00d1
MPV 953/2020,2249332,NA,31087,6505f813cc7b678a708bc158d59faac7
MPV 804/2017,NA,131042,31112,bc77a13009308c0a00b13f62921d23db
MPV 873/2019,2193434,NA,31188,9e604c3c673d7955c32ffc14303d2dad
MPV 1017/2020,NA,146075,31193,95829be51a41868b6b54e8a268a84e40
MPV 568/2012,544406,NA,31224,39f73da3216c3f9e9b2ea9eebb2ea6cf
MPV 732/2016,2087671,NA,31254,c9769ef57c7574e15e6067f5cd328b3b
MPV 815/2017,NA,132069,31256,9d7f87fc2b9481bab3bd8d2800282503
MPV 855/2018,2186585,NA,31279,32813ac9a73fb9271d98a1a5abc38178
MPV 883/2019,2204309,NA,31372,78dc21d1a33babe057763ff9d248fd3d
MPV 955/2020,NA,141654,31396,cbb8eaab07d59e2ae72dfc0178d5532d
MPV 980/2020,2255096,NA,31426,e2eba4c8c69820d0825546904de3db71
MPV 1022/2020,NA,146147,31429,9c4b89d04ae7968092aac8df48d6955f
MPV 970/2020,NA,142119,31661,dee50b9a30f3168f99fde11d5b35574b
MPV 875/2019,2193712,NA,31722,d52f619dcaeb4c1782541fe8be01896d
MPV 601/2012,564521,NA,31747,570a0b317b1da3622f6f2976de73d858
MPV 584/2012,556889,NA,31794,a6d244964bdc4965e2e4c5702d57d611
MPV 664/2014,865929,NA,31898,79883f94ea075a02c157acee94b017c7
MPV 864/2018,NA,134941,31988,4cf0aa33eb7c3f2cbff43990de604ae3
MPV 700/2015,2058402,NA,32058,bd2c11b8d12cba0dfc2c6abff62def7a
MPV 999/2020,2262060,NA,32087,79d69bb81b0672333cc09e430f5bda1c
MPV 591/2012,561792,NA,32228,7c759be339a5ca2dc76d11cee30c74d5
MPV 599/2012,564515,NA,32231,dd16076eda9a53a96fd85cecd21c15f4
MPV 559/2012,535959,NA,32312,f6e6c68d3bc9e685f680b5db9b380fac
MPV 1020/2020,NA,146142,32346,b8c1a0702da5d97b8178b55ce9dd15b9
MPV 754/2016,2121830,NA,32357,0a18d8a5870c221c79758bd4e85459f3
PLS 16/2018,NA,132137,32358,248bace68b9271607526502a6d18ae92
MPV 613/2013,576000,NA,32390,9e16076383df28c2cc4bfb79dafcc073
MPV 743/2016,2092436,NA,32414,8009d7391f664515667028256d3a5fd0
MPV 860/2018,NA,134738,32455,5444f7d4171c538411808e38a4cf5188
MPV 703/2015,2075968,NA,32472,6fbc859bff27a4b35b10c90365361483
MPV 769/2017,NA,128166,32488,3ba9c8724749d957947d2dbfe3b0dce4
MPV 964/2020,2252042,NA,32511,bf8b93db37059b2beda40062125872fa
MPV 653/2014,NA,118443,32547,9400d9094a018a4e6b4dbdab039ebeb3
MPV 943/2020,2242886,NA,32602,32dc35f622914d91a27ad5dd3daa2b1a
MPV 902/2019,NA,139711,32642,872a7c1bc9e0052a8061387e04400a7b
MPV 586/2012,559275,NA,32655,e3148c339231fe78c4af87a525e07242
MPV 608/2013,566047,NA,32680,0e4d662c81db4aaac65f29765447bc5d
MPV 946/2020,NA,141475,32739,857076342fd08398946571c39054f834
MPV 838/2018,2177277,NA,32800,d1e5b18e552c3f0effe12ef95903fd9e
MPV 682/2015,1570899,NA,32802,cdc5d9b047b7fd4c83b5184a55895472
MPV 654/2014,621765,NA,32821,bd4ae0e7e5c4c94ebb4644dd8182c6c2
MPV 714/2016,2078503,NA,32888,04e60f48ed4f3a2614706ddd60b9d189
MPV 739/2016,2091129,NA,33008,3ec8201b4d91c6363bbe3cd03aaa91a5
MPV 863/2018,2189858,NA,33054,d44607ea140d74942302d85fe1c9a4b6
MPV 755/2016,NA,127862,33093,05298db92c1dc3a5843951a093a1861c
MPV 966/2020,NA,141949,33112,31fb75272e673cfafd7df06a9af1f959
MPV 937/2020,NA,141395,33113,d5c8a1984082e793f87ba2085cebe5dd
MPV 962/2020,2251930,NA,33151,dabcc1754e20c18536c328b63df2d120
MPV 1019/2020,2268407,NA,33180,99656fb461f46d8b7c70ba3f37bcfced
MPV 786/2017,2145275,NA,33271,be98faf9df95d260a2534df095dff1cd
MPV 935/2020,NA,141374,33318,f119ce00125eb64474ea521e45d35c9a
MPV 834/2018,NA,133459,33344,b3a19b51ad890b9b9c8ea500ab4fa238
MPV 999/2020,NA,144496,33399,9a4b91beb3f9e06edb3ed9a44c5f0b39
PL 1985/2019,2196586,142363,33415,b88b530c08ee30ee5349736924dc6bde
MPV 546/2011,522366,NA,33436,9b4c1f3c5fba1cca9b6b6da6b914349a
MPV 691/2015,1700884,NA,33458,0b4286b84cc25f7f94f65916d2487df2
MPV 849/2018,2183462,NA,33578,ea779e99ee3400bc60c35217eaa4f9ba
MPV 592/2012,561985,NA,33609,1fc082c264578957ec527beabe4b4555
MPV 894/2019,2218900,NA,33685,23c395ef14b34fcdfc1a6a3129c4b449
MPV 833/2018,2176821,NA,33694,477006fc325e82a3cdc097ccdd8f852d
MPV 721/2016,NA,125342,33710,29ac0926b18b58ba711cb9ba974f6b13
MPV 822/2018,NA,132381,33714,f64738ec2cd73394299b70a9665e420b
MPV 717/2016,NA,125216,33742,7dc089f899de4f82fd8bdab674779281
MPV 715/2016,2078504,NA,33860,5f4d71fe0ef3d3c4881772753a53a098
MPV 721/2016,2080683,NA,33869,381b989cb80a657f78361530e01e8716
MPV 893/2019,2216030,NA,33958,96427fac20089e19ed061c72471373fc
MPV 734/2016,2089102,NA,33983,95dff816e691ec4b0591c7b88839fa3a
MPV 925/2020,2241642,NA,33992,9b014a67fb2347742b7c2d0c6b6b91d8
MPV 847/2018,2182113,NA,34112,2a51ed181c1d29bd5715eb296c2925a7
MPV 687/2015,1671673,NA,34154,ff3291d085aa9fa0a48d894ab19eceb3
MPV 532/2011,500056,NA,34163,3e1f1283bb7f038bb0b64f879f238a41
MPV 1027/2021,2268619,NA,34213,8c144b0c4dabe3547701d398e21703dd
MPV 774/2017,NA,128576,34238,227e3c6e9367e1db95334c4949a6c2cb
MPV 974/2020,NA,142171,34298,8470fb9c35d109f4b8ea3e8d8fb52dbd
MPV 790/2017,2145820,NA,34389,dd205ecb8b05098191c1100716a21103
MPV 967/2020,2253044,NA,34401,9a577a1a7d55feb99a90368093388bf3
MPV 705/2015,2076228,NA,34468,e3c852d1c6784782feb91a1e30ae458d
MPV 908/2019,NA,140001,34479,57d552bb7d7ffebd0e99d89de333a1dd
MPV 988/2020,2256548,NA,34587,ce0bc78d262a2792b836a693ae81f5b9
MPV 606/2013,564938,NA,34602,86d89382efa505649aebc544d4a37147
MPV 794/2017,NA,130290,34698,7209ce2e4c360d938fbd2414996294b5
MPV 605/2013,564548,NA,34709,8247000a5b1d3f66ab9256ee287539fb
MPV 563/2012,540142,NA,34908,fd36325a7a52cea53df66b015ceca47b
MPV 959/2020,NA,141753,34917,9d31bdb281a0d3a78cca690f39d505f7
MPV 909/2019,2233070,NA,35109,62005c7420e08d549c6796d113f07aa1
MPV 965/2020,2252604,NA,35137,2e173c1b2fb9a656e60149e9ab2af89c
MPV 909/2019,NA,140100,35139,5770b764c20cb5203a2043d3e7525357
MPV 992/2020,NA,143537,35245,818812db90d77a24006adf6ea8f6fdf5
MPV 552/2011,529841,NA,35306,81f5867a2d1b57fd3058016800135d5b
MPV 1018/2020,NA,146090,35314,acb87b63de95efb8671d367e2c1f70f1
MPV 575/2012,552689,NA,35321,8c3b0ad37b3da096a8b66b3f0d872a24
MPV 881/2019,2199763,NA,35327,c5cdd3e7e88cdf5a94c385de249ba16d
MPV 573/2012,549793,NA,35376,a566a4195c642c1ed815790cc9bf0afd
MPV 946/2020,2244243,NA,35379,cfc8c6d95767db359b58a6a7393be26f
MPV 825/2018,2170532,NA,35393,c74b74605757e543edc58535534ec694
MPV 866/2018,NA,135031,35403,a4c60453a6d93b4771a76fbb9d8b440c
PL 10983/2018,2186619,132131,35409,b9c692e94dd263c0d5faa0cd7584a010
MPV 656/2014,622854,NA,35449,a9c89043c566423580f286db89250c30
MPV 979/2020,NA,142445,35512,633fbc128ed846edf448c7a551fd5fd0
MPV 801/2017,NA,130928,35748,b33a0c259d4ed936fc70c01928976af9
MPV 958/2020,NA,141701,35781,7b921477a5edca6a1d215080f4476921
MPV 984/2020,2255588,NA,35790,1f4803ad5d6221a3d69c597ff9c0ee76
MPV 953/2020,NA,141578,35920,361c405b15e301417149a789d66a1ec1
MPV 932/2020,NA,141346,35977,20648530620caef2b52e937bb46f9583
MPV 1011/2020,NA,145591,35991,d465c3114276224c3b13341735505c47
MPV 887/2019,2209358,NA,36059,5c6c1ac2dc63dd9209150b285baff298
MPV 696/2015,1806554,NA,36141,d6dd7dcb0b0023f4d56a0f8dacaa897b
MPV 928/2020,NA,141147,36173,4dcac7948f98b03fe795b3795d019f8d
MPV 1033/2021,NA,146877,36175,66c7b8b1cf5df8e6c911e83f50ae8a78
MPV 922/2020,2238102,NA,36298,e1be2167242249610b17486dc96621ad
MPV 929/2020,2241930,NA,36340,99f760f90691a78229f983a02f58e124
MPV 566/2012,542431,NA,36398,79c4fe4bca94c2b6a3ef8e7ec718cd6c
MPV 856/2018,2186587,NA,36454,b97ca39a805cc9a04358656300a5157b
MPV 898/2019,NA,139393,36494,f652bef617c244100bc0ab71988fe621
MPV 792/2017,2145841,NA,36511,187af3facf62f191b10d7cf39718a605
MPV 763/2016,2122082,NA,36574,1ad5ce586c51a6f439f63a64c0834319
MPV 1010/2020,2265603,NA,36591,008d13fe904e8861260876ea20893c2a
MPV 839/2018,NA,133490,36604,65c8ced63943e6a5ef795061a878109d
MPV 746/2016,2112490,NA,36648,066bdb8e9b1549824c93f0e9a50ed8e9
MPV 890/2019,2213191,NA,36704,4fa6c24b35cda861f286fc0494f9f0d2
MPV 964/2020,NA,141881,36719,74f959185c97fbb906cdbe8542073690
MPV 554/2011,533505,NA,36750,4a9b3108b42d77750b6a7d28b27279da
MPV 1025/2020,NA,146150,36763,b05ee0321a68765a29ee329fa11d216a
MPV 577/2012,554141,NA,36846,e7c33dd1b4116f40f816842aa0f46b3b
MPV 625/2013,590058,NA,36920,8870b4fc5f9e019561c5186be2053f48
MPV 776/2017,2132523,NA,36924,5c944fed7fb2c82b9296f67a32b85f81
MPV 624/2013,587283,NA,37025,6b68477c99315920c665103f67bc71e9
MPV 1007/2020,NA,145035,37234,9330aeaa6e6a4a79b3e02900b910a60d
MPV 963/2020,NA,141866,37279,bf463dbd903158a190a8a12d30d7e148
MPV 828/2018,2173650,NA,37317,d6d7754f7b9ba8093ec6ab4dde798069
MPV 846/2018,2182112,NA,37447,0517dcc3e99e4f0564bbd3d5322d38a0
MPV 526/2011,494350,NA,37467,e65ee8cc0f669766b59790c32f65bd97
MPV 1029/2021,NA,146486,37658,2f60e785ecafe1df5d930a0ff32483b8
MPV 959/2020,2250977,NA,37752,fa6a6d8e6db1a94101b0228f30e007dc
MPV 683/2015,NA,122301,37787,623313feb6f55aa47188ea78bf90d52b
MPV 857/2018,NA,134632,37813,1964035a799133147b8f9b3cc72aca71
MPV 886/2019,2208720,NA,37901,8f50a9a1a466d4203ecd571aa5856ad2
MPV 968/2020,2253045,NA,38016,318fe355650f8f42bbd06f107f089386
MPV 719/2016,2080681,NA,38092,1e9ed70ccbffd4770ff160b8b3d53d01
MPV 1032/2021,2270901,NA,38136,1346866ec99ef4a086cb2236fa0625c4
MPV 859/2018,NA,134675,38138,0d293d84db079a82273ffdd0ae403026
MPV 629/2013,604982,NA,38254,e92628f111880a380cb9418189f93550
MPV 984/2020,NA,142594,38259,278694737d841edd7e2a6b605861e62c
MPV 836/2018,NA,133488,38364,c10f014021d4d1fd372104da4686a4cd
MPV 680/2015,1554014,NA,38365,13d458d467eb76af83b9ded9be7e81f6
MPV 666/2014,865933,NA,38388,d6dd9c5a7a21e6ceccf072e278209e70
MPV 945/2020,NA,141417,38426,7fa5eab8de257463a4a0a2c54eec7fa5
MPV 866/2018,2190190,NA,38498,32c1fdb93fe1a325d1678b3937b429b9
MPV 709/2015,2076246,NA,38543,407e30e4bc2d11a5464d63e836062551
MPV 872/2019,2190398,NA,38592,35f189ea06dcbc897466cc9eb9931856
MPV 644/2014,613960,NA,38631,8fa45041aebf1d7dca7a22370622a0c2
MPV 917/2019,NA,140392,38646,d4fcbc97f492dd3035c038fea6dd6242
MPV 970/2020,2253691,NA,38679,b96ac2ca9ecf7455b3e50b5d4284a029
MPV 923/2020,2238112,NA,38720,e8a3a36c0ec57f9b14be56bb8b66c882
MPV 920/2020,NA,140424,38725,9c3d81e69086a1602b2993ae9ead7bf6
MPV 846/2018,NA,134005,38838,2531bcd7749970550faf51a1d881beb5
MPV 896/2019,2219197,NA,38997,2f9795e33127eccde6723ac59b5d245a
MPV 744/2016,2110829,NA,39058,aff1911cc68f13eb1ed450e87d821ece
MPV 1007/2020,2263759,NA,39116,714734bbf6100bb30a15a7bf6bafc949
MPV 833/2018,NA,133417,39141,6a1b425bdaf6e76c7d300a248ce4a4ca
MPV 745/2016,2112064,NA,39177,f3f4c46d1be899f1952ef76ed64e6e89
MPV 831/2018,2176815,NA,39204,ad26913519cf4a5ef57846c97d94186b
MPV 738/2016,2090938,NA,39388,7918d7b35ccf387fcd0ffecb1feb5401
MPV 985/2020,NA,143003,39476,9484b8e61a09b210b43b1f90d97541ff
MPV 951/2020,2249329,NA,39482,b9c05c18347a9ff11c42af6221d34672
MPV 556/2011,533508,NA,39555,6ffac4071e823fb214dd4cd247def473
MPV 1017/2020,2267686,NA,39560,e1a93b1b2ab3fa20ad20ac98088bd965
MPV 569/2012,544460,NA,39585,aa6c24e47c6699191f59bfbfcb316e5c
MPV 1024/2020,2268417,NA,39600,013c11a998a4236171ff6ead0a0d15ec
MPV 813/2017,NA,132063,39718,a66f0889ebfcad179397f0b6e1e21678
MPV 713/2016,2078502,NA,39725,7beaee3ac212333c1c88d3844270366a
MPV 1026/2021,2268424,NA,39805,c94516081b38141d72f8e29fe0ea1877
MPV 753/2016,2121828,NA,39814,3420cb61f95a7c60146db314e7b73da0
MPV 905/2019,2229308,NA,39916,d59cc078d27acbd66808b9b53e26b6cd
MPV 937/2020,2242769,NA,40030,dba7efe972cd3fdf174f2643776b4d51
MPV 933/2020,NA,141347,40082,c25a5a6515a2f39e7b39f63f44024580
MPV 869/2018,2190283,NA,40132,89c9e919d4b9a8309a4bd6cbd79090bb
MPV 1013/2020,NA,145703,40148,74341c26053100f5aa84b74bcaa0783a
MPV 634/2013,605332,NA,40231,72ee919039b2774abd7664cec4b2e470
MPV 523/2011,490824,NA,40292,4cdf775da383b7dc80206510cbb56646
MPV 786/2017,NA,130047,40306,6c2cb5a55245be487821a6b597c4fb68
MPV 1008/2020,NA,145239,40455,86c2d9b587bbbb2d7a650dabd2229827
MPV 1022/2020,2268415,NA,40456,8b78e05ced59a576482ec3d120c0dd2f
MPV 818/2018,2167559,NA,40523,1dd3c7fbc742a32ee6f9a7e576c81ee1
MPV 876/2019,NA,135693,40529,6e0a2fdd59602abeb1ffd1e134af2383
MPV 700/2015,NA,124368,40540,512e7b11149c27469e8e185bc43d5d62
MPV 872/2019,NA,135083,40571,637e4d71580549d97ce4fad904b44637
MPV 765/2016,2122119,NA,40601,319f20a32fd21c4f5dea99786987f4a3
MPV 702/2015,2075925,NA,40620,747c2c3877be273ab847a1123cebe592
MPV 879/2019,2199310,NA,40632,324bf44229e1e49fdd1b1a249f62cbd4
MPV 967/2020,NA,142014,40692,8d488ba544ca64b70ab39e40733879f4
MPV 942/2020,NA,141401,40744,84af47a3b528950ab85370fc461e19d6
PL 2478/2020,NA,141867,40784,774738d22cada55a5caad9428aa20570
MPV 717/2016,2079788,NA,40808,7816a3ecb00bf84df16409ae4f210010
MPV 594/2012,562613,NA,40899,3b8d62661bfd5a879fe6c49b9f15e04a
MPV 1000/2020,NA,144497,40909,e6543d5ebf4e5a1540cce67fe601df60
MPV 888/2019,NA,137829,40995,e709ce86516503cf0d5cef8428b296be
MPV 921/2020,NA,140592,41048,3d4fdddb3d7ad4f5e51630762bc46f45
MPV 735/2016,2089190,NA,41063,4a6c3f9e177481a66b90f59382fcc708
MPV 816/2017,2167555,NA,41078,f2ba1403101f1846ea5be6bc2909f11e
MPV 989/2020,2257281,NA,41098,59c53032fb05faa88423752c0cc48d44
MPV 974/2020,2254052,NA,41100,0e7e1d6b79771de9f6476cbf4c111237
MPV 604/2013,564536,NA,41209,dbc231fe77c9b27ae55cf8554bf78fdb
MPV 835/2018,2177157,NA,41380,019fd32a72f28af28f9160443cd51a15
